,file,lib,time_(s)
0,rle_string_0.000.pq,cudf,0.13060688972473145
1,rle_string_0.000.pq,pyarrow,0.21693849563598633
2,rle_string_0.000.orc,cudf,0.0067882537841796875
3,rle_string_0.000.orc,pyarrow,0.12740039825439453
4,rle_string_0.002.pq,cudf,0.12502026557922363
5,rle_string_0.002.pq,pyarrow,0.23789334297180176
6,rle_string_0.002.orc,cudf,0.009796380996704102
7,rle_string_0.002.orc,pyarrow,0.14206838607788086
8,rle_string_0.010.pq,cudf,0.12509965896606445
9,rle_string_0.010.pq,pyarrow,0.24491262435913086
10,rle_string_0.010.orc,cudf,0.007009267807006836
11,rle_string_0.010.orc,pyarrow,0.14589524269104004
12,rle_string_0.020.pq,cudf,0.1250932216644287
13,rle_string_0.020.pq,pyarrow,0.260998010635376
14,rle_string_0.020.orc,cudf,0.007242918014526367
15,rle_string_0.020.orc,pyarrow,0.15582561492919922
16,rle_string_0.040.pq,cudf,0.12512564659118652
17,rle_string_0.040.pq,pyarrow,0.2826666831970215
18,rle_string_0.040.orc,cudf,0.007233142852783203
19,rle_string_0.040.orc,pyarrow,0.17584466934204102
20,rle_string_0.080.pq,cudf,0.12516546249389648
21,rle_string_0.080.pq,pyarrow,0.30715346336364746
22,rle_string_0.080.orc,cudf,0.009150266647338867
23,rle_string_0.080.orc,pyarrow,0.17397117614746094
24,rle_string_0.100.pq,cudf,0.125532865524292
25,rle_string_0.100.pq,pyarrow,0.3517415523529053
26,rle_string_0.100.orc,cudf,0.00943303108215332
27,rle_string_0.100.orc,pyarrow,0.17677736282348633
28,rle_string_0.200.pq,cudf,0.12537312507629395
29,rle_string_0.200.pq,pyarrow,0.49100399017333984
30,rle_string_0.200.orc,cudf,0.01157689094543457
31,rle_string_0.200.orc,pyarrow,0.30408143997192383
32,rle_string_0.300.pq,cudf,0.12566328048706055
33,rle_string_0.300.pq,pyarrow,0.6159341335296631
34,rle_string_0.300.orc,cudf,0.013594865798950195
35,rle_string_0.300.orc,pyarrow,0.3538954257965088
36,rle_string_0.400.pq,cudf,0.12862229347229004
37,rle_string_0.400.pq,pyarrow,0.7119784355163574
38,rle_string_0.400.orc,cudf,0.015377521514892578
39,rle_string_0.400.orc,pyarrow,0.49131250381469727
40,rle_string_0.500.pq,cudf,0.14040875434875488
41,rle_string_0.500.pq,pyarrow,0.881566047668457
42,rle_string_0.500.orc,cudf,0.018751144409179688
43,rle_string_0.500.orc,pyarrow,0.5872941017150879
44,rle_string_0.600.pq,cudf,0.12589478492736816
45,rle_string_0.600.pq,pyarrow,0.9929211139678955
46,rle_string_0.600.orc,cudf,0.020802974700927734
47,rle_string_0.600.orc,pyarrow,0.637737512588501
48,rle_string_0.700.pq,cudf,0.12577009201049805
49,rle_string_0.700.pq,pyarrow,1.1151306629180908
50,rle_string_0.700.orc,cudf,0.022661447525024414
51,rle_string_0.700.orc,pyarrow,0.7618248462677002
52,rle_string_0.800.pq,cudf,0.13945436477661133
53,rle_string_0.800.pq,pyarrow,1.2314460277557373
54,rle_string_0.800.orc,cudf,0.02464008331298828
55,rle_string_0.800.orc,pyarrow,0.8458139896392822
56,rle_string_0.900.pq,cudf,0.12583589553833008
57,rle_string_0.900.pq,pyarrow,1.3468031883239746
58,rle_string_0.900.orc,cudf,0.026523590087890625
59,rle_string_0.900.orc,pyarrow,0.9553537368774414
60,rle_string_1.000.pq,cudf,0.1308748722076416
61,rle_string_1.000.pq,pyarrow,1.458066463470459
62,rle_string_1.000.orc,cudf,0.028848886489868164
63,rle_string_1.000.orc,pyarrow,1.0345611572265625
64,rle_string_control_0.000.pq,cudf,0.13485074043273926
65,rle_string_control_0.000.pq,pyarrow,0.2205197811126709
66,rle_string_control_0.000.orc,cudf,0.006665468215942383
67,rle_string_control_0.000.orc,pyarrow,0.1293964385986328
68,rle_string_control_0.002.pq,cudf,0.12510085105895996
69,rle_string_control_0.002.pq,pyarrow,0.23547863960266113
70,rle_string_control_0.002.orc,cudf,0.006913661956787109
71,rle_string_control_0.002.orc,pyarrow,0.14109086990356445
72,rle_string_control_0.010.pq,cudf,0.12502622604370117
73,rle_string_control_0.010.pq,pyarrow,0.2538623809814453
74,rle_string_control_0.010.orc,cudf,0.006868839263916016
75,rle_string_control_0.010.orc,pyarrow,0.15139532089233398
76,rle_string_control_0.020.pq,cudf,0.1264941692352295
77,rle_string_control_0.020.pq,pyarrow,0.26189303398132324
78,rle_string_control_0.020.orc,cudf,0.007215023040771484
79,rle_string_control_0.020.orc,pyarrow,0.148881196975708
80,rle_string_control_0.040.pq,cudf,0.12507390975952148
81,rle_string_control_0.040.pq,pyarrow,0.2736647129058838
82,rle_string_control_0.040.orc,cudf,0.00790095329284668
83,rle_string_control_0.040.orc,pyarrow,0.16182780265808105
84,rle_string_control_0.080.pq,cudf,0.12518787384033203
85,rle_string_control_0.080.pq,pyarrow,0.33721470832824707
86,rle_string_control_0.080.orc,cudf,0.008858442306518555
87,rle_string_control_0.080.orc,pyarrow,0.19895195960998535
88,rle_string_control_0.100.pq,cudf,0.12522459030151367
89,rle_string_control_0.100.pq,pyarrow,0.34596872329711914
90,rle_string_control_0.100.orc,cudf,0.009563922882080078
91,rle_string_control_0.100.orc,pyarrow,0.20453166961669922
92,rle_string_control_0.200.pq,cudf,0.1253798007965088
93,rle_string_control_0.200.pq,pyarrow,0.48565030097961426
94,rle_string_control_0.200.orc,cudf,0.011721372604370117
95,rle_string_control_0.200.orc,pyarrow,0.26113033294677734
96,rle_string_control_0.300.pq,cudf,0.1257188320159912
97,rle_string_control_0.300.pq,pyarrow,0.5992391109466553
98,rle_string_control_0.300.orc,cudf,0.013564348220825195
99,rle_string_control_0.300.orc,pyarrow,0.35332179069519043
100,rle_string_control_0.400.pq,cudf,0.1435554027557373
101,rle_string_control_0.400.pq,pyarrow,0.7261226177215576
102,rle_string_control_0.400.orc,cudf,0.015356063842773438
103,rle_string_control_0.400.orc,pyarrow,0.4760608673095703
104,rle_string_control_0.500.pq,cudf,0.12574267387390137
105,rle_string_control_0.500.pq,pyarrow,0.8899238109588623
106,rle_string_control_0.500.orc,cudf,0.016965389251708984
107,rle_string_control_0.500.orc,pyarrow,0.48926663398742676
108,rle_string_control_0.600.pq,cudf,0.12581825256347656
109,rle_string_control_0.600.pq,pyarrow,0.9945375919342041
110,rle_string_control_0.600.orc,cudf,0.021299362182617188
111,rle_string_control_0.600.orc,pyarrow,0.6388192176818848
112,rle_string_control_0.700.pq,cudf,0.14205718040466309
113,rle_string_control_0.700.pq,pyarrow,1.061619758605957
114,rle_string_control_0.700.orc,cudf,0.022773265838623047
115,rle_string_control_0.700.orc,pyarrow,0.7660055160522461
116,rle_string_control_0.800.pq,cudf,0.13770580291748047
117,rle_string_control_0.800.pq,pyarrow,1.231407642364502
118,rle_string_control_0.800.orc,cudf,0.024731874465942383
119,rle_string_control_0.800.orc,pyarrow,0.8241920471191406
120,rle_string_control_0.900.pq,cudf,0.14026808738708496
121,rle_string_control_0.900.pq,pyarrow,1.3514108657836914
122,rle_string_control_0.900.orc,cudf,0.02660822868347168
123,rle_string_control_0.900.orc,pyarrow,0.954432487487793
124,rle_string_control_1.000.pq,cudf,0.12589812278747559
125,rle_string_control_1.000.pq,pyarrow,1.4492950439453125
126,rle_string_control_1.000.orc,cudf,0.028627872467041016
127,rle_string_control_1.000.orc,pyarrow,1.0417046546936035
128,rle_string_0.000.pq,cudf,0.131072998046875
129,rle_string_0.000.pq,pyarrow,0.21767044067382812
130,rle_string_0.000.orc,cudf,0.006688594818115234
131,rle_string_0.000.orc,pyarrow,0.1296708583831787
132,rle_string_0.002.pq,cudf,0.12509751319885254
133,rle_string_0.002.pq,pyarrow,0.2357022762298584
134,rle_string_0.002.orc,cudf,0.00670313835144043
135,rle_string_0.002.orc,pyarrow,0.14162039756774902
136,rle_string_0.010.pq,cudf,0.12510895729064941
137,rle_string_0.010.pq,pyarrow,0.23788928985595703
138,rle_string_0.010.orc,cudf,0.007004976272583008
139,rle_string_0.010.orc,pyarrow,0.14761137962341309
140,rle_string_0.020.pq,cudf,0.12507390975952148
141,rle_string_0.020.pq,pyarrow,0.26032137870788574
142,rle_string_0.020.orc,cudf,0.007248640060424805
143,rle_string_0.020.orc,pyarrow,0.15745139122009277
144,rle_string_0.040.pq,cudf,0.1251082420349121
145,rle_string_0.040.pq,pyarrow,0.28101539611816406
146,rle_string_0.040.orc,cudf,0.007791280746459961
147,rle_string_0.040.orc,pyarrow,0.17416691780090332
148,rle_string_0.080.pq,cudf,0.12526178359985352
149,rle_string_0.080.pq,pyarrow,0.3468172550201416
150,rle_string_0.080.orc,cudf,0.008841514587402344
151,rle_string_0.080.orc,pyarrow,0.19995927810668945
152,rle_string_0.100.pq,cudf,0.12527084350585938
153,rle_string_0.100.pq,pyarrow,0.3474411964416504
154,rle_string_0.100.orc,cudf,0.009343624114990234
155,rle_string_0.100.orc,pyarrow,0.21625280380249023
156,rle_string_0.200.pq,cudf,0.1253819465637207
157,rle_string_0.200.pq,pyarrow,0.48755645751953125
158,rle_string_0.200.orc,cudf,0.011706113815307617
159,rle_string_0.200.orc,pyarrow,0.27178192138671875
160,rle_string_0.300.pq,cudf,0.12566304206848145
161,rle_string_0.300.pq,pyarrow,0.593533992767334
162,rle_string_0.300.orc,cudf,0.013497591018676758
163,rle_string_0.300.orc,pyarrow,0.3845043182373047
164,rle_string_0.400.pq,cudf,0.14182758331298828
165,rle_string_0.400.pq,pyarrow,0.7144496440887451
166,rle_string_0.400.orc,cudf,0.015371561050415039
167,rle_string_0.400.orc,pyarrow,0.4907212257385254
168,rle_string_0.500.pq,cudf,0.1257481575012207
169,rle_string_0.500.pq,pyarrow,0.8622126579284668
170,rle_string_0.500.orc,cudf,0.017016172409057617
171,rle_string_0.500.orc,pyarrow,0.5865664482116699
172,rle_string_0.600.pq,cudf,0.14192843437194824
173,rle_string_0.600.pq,pyarrow,1.0027987957000732
174,rle_string_0.600.orc,cudf,0.02078533172607422
175,rle_string_0.600.orc,pyarrow,0.6826119422912598
176,rle_string_0.700.pq,cudf,0.12575531005859375
177,rle_string_0.700.pq,pyarrow,1.120225429534912
178,rle_string_0.700.orc,cudf,0.022680044174194336
179,rle_string_0.700.orc,pyarrow,0.723778486251831
180,rle_string_0.800.pq,cudf,0.14237046241760254
181,rle_string_0.800.pq,pyarrow,1.2254681587219238
182,rle_string_0.800.orc,cudf,0.024741649627685547
183,rle_string_0.800.orc,pyarrow,0.8486826419830322
184,rle_string_0.900.pq,cudf,0.12725138664245605
185,rle_string_0.900.pq,pyarrow,1.3366100788116455
186,rle_string_0.900.orc,cudf,0.026630878448486328
187,rle_string_0.900.orc,pyarrow,0.9529929161071777
188,rle_string_1.000.pq,cudf,0.13688921928405762
189,rle_string_1.000.pq,pyarrow,1.4466493129730225
190,rle_string_1.000.orc,cudf,0.028749704360961914
191,rle_string_1.000.orc,pyarrow,1.0271425247192383
192,rle_string_control_0.000.pq,cudf,0.12510442733764648
193,rle_string_control_0.000.pq,pyarrow,0.22046923637390137
194,rle_string_control_0.000.orc,cudf,0.006728410720825195
195,rle_string_control_0.000.orc,pyarrow,0.12991619110107422
196,rle_string_control_0.002.pq,cudf,0.12507414817810059
197,rle_string_control_0.002.pq,pyarrow,0.23842167854309082
198,rle_string_control_0.002.orc,cudf,0.006711483001708984
199,rle_string_control_0.002.orc,pyarrow,0.1267383098602295
200,rle_string_control_0.010.pq,cudf,0.12509989738464355
201,rle_string_control_0.010.pq,pyarrow,0.24608612060546875
202,rle_string_control_0.010.orc,cudf,0.0070552825927734375
203,rle_string_control_0.010.orc,pyarrow,0.14782476425170898
204,rle_string_control_0.020.pq,cudf,0.12509846687316895
205,rle_string_control_0.020.pq,pyarrow,0.24352478981018066
206,rle_string_control_0.020.orc,cudf,0.00721287727355957
207,rle_string_control_0.020.orc,pyarrow,0.15855884552001953
208,rle_string_control_0.040.pq,cudf,0.1251513957977295
209,rle_string_control_0.040.pq,pyarrow,0.2853720188140869
210,rle_string_control_0.040.orc,cudf,0.007779121398925781
211,rle_string_control_0.040.orc,pyarrow,0.16288232803344727
212,rle_string_control_0.080.pq,cudf,0.1251535415649414
213,rle_string_control_0.080.pq,pyarrow,0.322584867477417
214,rle_string_control_0.080.orc,cudf,0.00885772705078125
215,rle_string_control_0.080.orc,pyarrow,0.19986772537231445
216,rle_string_control_0.100.pq,cudf,0.1252274513244629
217,rle_string_control_0.100.pq,pyarrow,0.3092672824859619
218,rle_string_control_0.100.orc,cudf,0.009537696838378906
219,rle_string_control_0.100.orc,pyarrow,0.21607375144958496
220,rle_string_control_0.200.pq,cudf,0.12538862228393555
221,rle_string_control_0.200.pq,pyarrow,0.48679304122924805
222,rle_string_control_0.200.orc,cudf,0.01165008544921875
223,rle_string_control_0.200.orc,pyarrow,0.306626558303833
224,rle_string_control_0.300.pq,cudf,0.12562823295593262
225,rle_string_control_0.300.pq,pyarrow,0.5603234767913818
226,rle_string_control_0.300.orc,cudf,0.013477087020874023
227,rle_string_control_0.300.orc,pyarrow,0.3968067169189453
228,rle_string_control_0.400.pq,cudf,0.14113736152648926
229,rle_string_control_0.400.pq,pyarrow,0.727712869644165
230,rle_string_control_0.400.orc,cudf,0.015255451202392578
231,rle_string_control_0.400.orc,pyarrow,0.4909822940826416
232,rle_string_control_0.500.pq,cudf,0.14255356788635254
233,rle_string_control_0.500.pq,pyarrow,0.8783531188964844
234,rle_string_control_0.500.orc,cudf,0.018494606018066406
235,rle_string_control_0.500.orc,pyarrow,0.5768837928771973
236,rle_string_control_0.600.pq,cudf,0.13161253929138184
237,rle_string_control_0.600.pq,pyarrow,1.0088574886322021
238,rle_string_control_0.600.orc,cudf,0.020763874053955078
239,rle_string_control_0.600.orc,pyarrow,0.6642231941223145
240,rle_string_control_0.700.pq,cudf,0.1257157325744629
241,rle_string_control_0.700.pq,pyarrow,1.1134984493255615
242,rle_string_control_0.700.orc,cudf,0.022620677947998047
243,rle_string_control_0.700.orc,pyarrow,0.7592043876647949
244,rle_string_control_0.800.pq,cudf,0.14114832878112793
245,rle_string_control_0.800.pq,pyarrow,1.2541875839233398
246,rle_string_control_0.800.orc,cudf,0.02467942237854004
247,rle_string_control_0.800.orc,pyarrow,0.871283769607544
248,rle_string_control_0.900.pq,cudf,0.1258251667022705
249,rle_string_control_0.900.pq,pyarrow,1.3147425651550293
250,rle_string_control_0.900.orc,cudf,0.02655768394470215
251,rle_string_control_0.900.orc,pyarrow,0.9585161209106445
252,rle_string_control_1.000.pq,cudf,0.13441228866577148
253,rle_string_control_1.000.pq,pyarrow,1.480649471282959
254,rle_string_control_1.000.orc,cudf,0.028578519821166992
255,rle_string_control_1.000.orc,pyarrow,1.002197027206421
256,rle_string_0.000.pq,cudf,0.14237689971923828
257,rle_string_0.000.pq,pyarrow,0.22609162330627441
258,rle_string_0.000.orc,cudf,0.0066471099853515625
259,rle_string_0.000.orc,pyarrow,0.1309828758239746
260,rle_string_0.002.pq,cudf,0.12505292892456055
261,rle_string_0.002.pq,pyarrow,0.2452549934387207
262,rle_string_0.002.orc,cudf,0.006731510162353516
263,rle_string_0.002.orc,pyarrow,0.14221525192260742
264,rle_string_0.010.pq,cudf,0.1250779628753662
265,rle_string_0.010.pq,pyarrow,0.20583438873291016
266,rle_string_0.010.orc,cudf,0.0068967342376708984
267,rle_string_0.010.orc,pyarrow,0.14998459815979004
268,rle_string_0.020.pq,cudf,0.12504816055297852
269,rle_string_0.020.pq,pyarrow,0.2573716640472412
270,rle_string_0.020.orc,cudf,0.007122993469238281
271,rle_string_0.020.orc,pyarrow,0.16033601760864258
272,rle_string_0.040.pq,cudf,0.12503957748413086
273,rle_string_0.040.pq,pyarrow,0.2790710926055908
274,rle_string_0.040.orc,cudf,0.007739067077636719
275,rle_string_0.040.orc,pyarrow,0.174879789352417
276,rle_string_0.080.pq,cudf,0.12517523765563965
277,rle_string_0.080.pq,pyarrow,0.27886366844177246
278,rle_string_0.080.orc,cudf,0.008769750595092773
279,rle_string_0.080.orc,pyarrow,0.20047664642333984
280,rle_string_0.100.pq,cudf,0.1252145767211914
281,rle_string_0.100.pq,pyarrow,0.34862852096557617
282,rle_string_0.100.orc,cudf,0.00946187973022461
283,rle_string_0.100.orc,pyarrow,0.17938685417175293
284,rle_string_0.200.pq,cudf,0.12534523010253906
285,rle_string_0.200.pq,pyarrow,0.5025837421417236
286,rle_string_0.200.orc,cudf,0.011583566665649414
287,rle_string_0.200.orc,pyarrow,0.30310964584350586
288,rle_string_0.300.pq,cudf,0.12560248374938965
289,rle_string_0.300.pq,pyarrow,0.5640041828155518
290,rle_string_0.300.orc,cudf,0.013541460037231445
291,rle_string_0.300.orc,pyarrow,0.3990945816040039
292,rle_string_0.400.pq,cudf,0.13144659996032715
293,rle_string_0.400.pq,pyarrow,0.7197794914245605
294,rle_string_0.400.orc,cudf,0.015294313430786133
295,rle_string_0.400.orc,pyarrow,0.4929463863372803
296,rle_string_0.500.pq,cudf,0.12632369995117188
297,rle_string_0.500.pq,pyarrow,0.8857176303863525
298,rle_string_0.500.orc,cudf,0.016301870346069336
299,rle_string_0.500.orc,pyarrow,0.5793960094451904
300,rle_string_0.600.pq,cudf,0.1427597999572754
301,rle_string_0.600.pq,pyarrow,1.0017321109771729
302,rle_string_0.600.orc,cudf,0.020636796951293945
303,rle_string_0.600.orc,pyarrow,0.6611509323120117
304,rle_string_0.700.pq,cudf,0.12652373313903809
305,rle_string_0.700.pq,pyarrow,1.1151902675628662
306,rle_string_0.700.orc,cudf,0.02262282371520996
307,rle_string_0.700.orc,pyarrow,0.7687976360321045
308,rle_string_0.800.pq,cudf,0.13914179801940918
309,rle_string_0.800.pq,pyarrow,1.2210121154785156
310,rle_string_0.800.orc,cudf,0.024750232696533203
311,rle_string_0.800.orc,pyarrow,0.8708152770996094
312,rle_string_0.900.pq,cudf,0.12579703330993652
313,rle_string_0.900.pq,pyarrow,1.352898359298706
314,rle_string_0.900.orc,cudf,0.026671171188354492
315,rle_string_0.900.orc,pyarrow,0.9461843967437744
316,rle_string_1.000.pq,cudf,0.12868762016296387
317,rle_string_1.000.pq,pyarrow,1.4374885559082031
318,rle_string_1.000.orc,cudf,0.028618812561035156
319,rle_string_1.000.orc,pyarrow,1.0518593788146973
320,rle_string_control_0.000.pq,cudf,0.14134454727172852
321,rle_string_control_0.000.pq,pyarrow,0.2209489345550537
322,rle_string_control_0.000.orc,cudf,0.006637096405029297
323,rle_string_control_0.000.orc,pyarrow,0.1306450366973877
324,rle_string_control_0.002.pq,cudf,0.12511444091796875
325,rle_string_control_0.002.pq,pyarrow,0.22708439826965332
326,rle_string_control_0.002.orc,cudf,0.006704092025756836
327,rle_string_control_0.002.orc,pyarrow,0.1418900489807129
328,rle_string_control_0.010.pq,cudf,0.1251087188720703
329,rle_string_control_0.010.pq,pyarrow,0.23294448852539062
330,rle_string_control_0.010.orc,cudf,0.007033824920654297
331,rle_string_control_0.010.orc,pyarrow,0.1499485969543457
332,rle_string_control_0.020.pq,cudf,0.12506937980651855
333,rle_string_control_0.020.pq,pyarrow,0.2588686943054199
334,rle_string_control_0.020.orc,cudf,0.007146358489990234
335,rle_string_control_0.020.orc,pyarrow,0.16503095626831055
336,rle_string_control_0.040.pq,cudf,0.12507939338684082
337,rle_string_control_0.040.pq,pyarrow,0.2837862968444824
338,rle_string_control_0.040.orc,cudf,0.0072231292724609375
339,rle_string_control_0.040.orc,pyarrow,0.15221405029296875
340,rle_string_control_0.080.pq,cudf,0.12515020370483398
341,rle_string_control_0.080.pq,pyarrow,0.32543349266052246
342,rle_string_control_0.080.orc,cudf,0.008790969848632812
343,rle_string_control_0.080.orc,pyarrow,0.20034313201904297
344,rle_string_control_0.100.pq,cudf,0.1251516342163086
345,rle_string_control_0.100.pq,pyarrow,0.34911608695983887
346,rle_string_control_0.100.orc,cudf,0.008785486221313477
347,rle_string_control_0.100.orc,pyarrow,0.21712660789489746
348,rle_string_control_0.200.pq,cudf,0.12535500526428223
349,rle_string_control_0.200.pq,pyarrow,0.4865870475769043
350,rle_string_control_0.200.orc,cudf,0.011810541152954102
351,rle_string_control_0.200.orc,pyarrow,0.3071465492248535
352,rle_string_control_0.300.pq,cudf,0.12559819221496582
353,rle_string_control_0.300.pq,pyarrow,0.5564117431640625
354,rle_string_control_0.300.orc,cudf,0.013332366943359375
355,rle_string_control_0.300.orc,pyarrow,0.3916749954223633
356,rle_string_control_0.400.pq,cudf,0.1423332691192627
357,rle_string_control_0.400.pq,pyarrow,0.7138183116912842
358,rle_string_control_0.400.orc,cudf,0.015261173248291016
359,rle_string_control_0.400.orc,pyarrow,0.4842066764831543
360,rle_string_control_0.500.pq,cudf,0.12567996978759766
361,rle_string_control_0.500.pq,pyarrow,0.8638653755187988
362,rle_string_control_0.500.orc,cudf,0.01705145835876465
363,rle_string_control_0.500.orc,pyarrow,0.6129488945007324
364,rle_string_control_0.600.pq,cudf,0.13309574127197266
365,rle_string_control_0.600.pq,pyarrow,0.9962172508239746
366,rle_string_control_0.600.orc,cudf,0.02069568634033203
367,rle_string_control_0.600.orc,pyarrow,0.6676585674285889
368,rle_string_control_0.700.pq,cudf,0.12573528289794922
369,rle_string_control_0.700.pq,pyarrow,1.1263141632080078
370,rle_string_control_0.700.orc,cudf,0.022635221481323242
371,rle_string_control_0.700.orc,pyarrow,0.7484445571899414
372,rle_string_control_0.800.pq,cudf,0.1424705982208252
373,rle_string_control_0.800.pq,pyarrow,1.2206668853759766
374,rle_string_control_0.800.orc,cudf,0.024606943130493164
375,rle_string_control_0.800.orc,pyarrow,0.882049560546875
376,rle_string_control_0.900.pq,cudf,0.1257922649383545
377,rle_string_control_0.900.pq,pyarrow,1.2697925567626953
378,rle_string_control_0.900.orc,cudf,0.026648998260498047
379,rle_string_control_0.900.orc,pyarrow,0.9206192493438721
380,rle_string_control_1.000.pq,cudf,0.14246773719787598
381,rle_string_control_1.000.pq,pyarrow,1.4477031230926514
382,rle_string_control_1.000.orc,cudf,0.028527021408081055
383,rle_string_control_1.000.orc,pyarrow,1.0492045879364014
384,rle_string_0.000.pq,cudf,0.14212989807128906
385,rle_string_0.000.pq,pyarrow,0.223496675491333
386,rle_string_0.000.orc,cudf,0.0066874027252197266
387,rle_string_0.000.orc,pyarrow,0.11841583251953125
388,rle_string_0.002.pq,cudf,0.12508273124694824
389,rle_string_0.002.pq,pyarrow,0.2321624755859375
390,rle_string_0.002.orc,cudf,0.006674051284790039
391,rle_string_0.002.orc,pyarrow,0.14225435256958008
392,rle_string_0.010.pq,cudf,0.1252608299255371
393,rle_string_0.010.pq,pyarrow,0.2477719783782959
394,rle_string_0.010.orc,cudf,0.006868839263916016
395,rle_string_0.010.orc,pyarrow,0.15019440650939941
396,rle_string_0.020.pq,cudf,0.12513136863708496
397,rle_string_0.020.pq,pyarrow,0.261425256729126
398,rle_string_0.020.orc,cudf,0.00714874267578125
399,rle_string_0.020.orc,pyarrow,0.16045641899108887
400,rle_string_0.040.pq,cudf,0.12512826919555664
401,rle_string_0.040.pq,pyarrow,0.2855405807495117
402,rle_string_0.040.orc,cudf,0.007721662521362305
403,rle_string_0.040.orc,pyarrow,0.14932036399841309
404,rle_string_0.080.pq,cudf,0.125166654586792
405,rle_string_0.080.pq,pyarrow,0.3320293426513672
406,rle_string_0.080.orc,cudf,0.008756399154663086
407,rle_string_0.080.orc,pyarrow,0.20051360130310059
408,rle_string_0.100.pq,cudf,0.12513113021850586
409,rle_string_0.100.pq,pyarrow,0.33336377143859863
410,rle_string_0.100.orc,cudf,0.007965803146362305
411,rle_string_0.100.orc,pyarrow,0.19858407974243164
412,rle_string_0.200.pq,cudf,0.12538981437683105
413,rle_string_0.200.pq,pyarrow,0.489485502243042
414,rle_string_0.200.orc,cudf,0.01164555549621582
415,rle_string_0.200.orc,pyarrow,0.28139233589172363
416,rle_string_0.300.pq,cudf,0.12566542625427246
417,rle_string_0.300.pq,pyarrow,0.6076786518096924
418,rle_string_0.300.orc,cudf,0.01347041130065918
419,rle_string_0.300.orc,pyarrow,0.39981889724731445
420,rle_string_0.400.pq,cudf,0.1334245204925537
421,rle_string_0.400.pq,pyarrow,0.7187676429748535
422,rle_string_0.400.orc,cudf,0.015278100967407227
423,rle_string_0.400.orc,pyarrow,0.49585652351379395
424,rle_string_0.500.pq,cudf,0.13782262802124023
425,rle_string_0.500.pq,pyarrow,0.8904528617858887
426,rle_string_0.500.orc,cudf,0.01866006851196289
427,rle_string_0.500.orc,pyarrow,0.5475280284881592
428,rle_string_0.600.pq,cudf,0.13452506065368652
429,rle_string_0.600.pq,pyarrow,1.006655216217041
430,rle_string_0.600.orc,cudf,0.020726680755615234
431,rle_string_0.600.orc,pyarrow,0.6875133514404297
432,rle_string_0.700.pq,cudf,0.14284753799438477
433,rle_string_0.700.pq,pyarrow,1.1142780780792236
434,rle_string_0.700.orc,cudf,0.02268528938293457
435,rle_string_0.700.orc,pyarrow,0.6840662956237793
436,rle_string_0.800.pq,cudf,0.13903045654296875
437,rle_string_0.800.pq,pyarrow,1.2315752506256104
438,rle_string_0.800.orc,cudf,0.024764299392700195
439,rle_string_0.800.orc,pyarrow,0.8754463195800781
440,rle_string_0.900.pq,cudf,0.12583708763122559
441,rle_string_0.900.pq,pyarrow,1.3368196487426758
442,rle_string_0.900.orc,cudf,0.026504039764404297
443,rle_string_0.900.orc,pyarrow,0.9527683258056641
444,rle_string_1.000.pq,cudf,0.13730621337890625
445,rle_string_1.000.pq,pyarrow,1.468813419342041
446,rle_string_1.000.orc,cudf,0.02850627899169922
447,rle_string_1.000.orc,pyarrow,1.0522606372833252
448,rle_string_control_0.000.pq,cudf,0.1378161907196045
449,rle_string_control_0.000.pq,pyarrow,0.22797679901123047
450,rle_string_control_0.000.orc,cudf,0.0066030025482177734
451,rle_string_control_0.000.orc,pyarrow,0.13231706619262695
452,rle_string_control_0.002.pq,cudf,0.1250319480895996
453,rle_string_control_0.002.pq,pyarrow,0.243027925491333
454,rle_string_control_0.002.orc,cudf,0.00680851936340332
455,rle_string_control_0.002.orc,pyarrow,0.14597821235656738
456,rle_string_control_0.010.pq,cudf,0.12507247924804688
457,rle_string_control_0.010.pq,pyarrow,0.25191235542297363
458,rle_string_control_0.010.orc,cudf,0.006919145584106445
459,rle_string_control_0.010.orc,pyarrow,0.15034222602844238
460,rle_string_control_0.020.pq,cudf,0.1251060962677002
461,rle_string_control_0.020.pq,pyarrow,0.2620251178741455
462,rle_string_control_0.020.orc,cudf,0.007317781448364258
463,rle_string_control_0.020.orc,pyarrow,0.15816068649291992
464,rle_string_control_0.040.pq,cudf,0.12511682510375977
465,rle_string_control_0.040.pq,pyarrow,0.2814793586730957
466,rle_string_control_0.040.orc,cudf,0.00780177116394043
467,rle_string_control_0.040.orc,pyarrow,0.15358424186706543
468,rle_string_control_0.080.pq,cudf,0.1251983642578125
469,rle_string_control_0.080.pq,pyarrow,0.2718648910522461
470,rle_string_control_0.080.orc,cudf,0.008799076080322266
471,rle_string_control_0.080.orc,pyarrow,0.1956958770751953
472,rle_string_control_0.100.pq,cudf,0.12511420249938965
473,rle_string_control_0.100.pq,pyarrow,0.3520052433013916
474,rle_string_control_0.100.orc,cudf,0.0093841552734375
475,rle_string_control_0.100.orc,pyarrow,0.2182140350341797
476,rle_string_control_0.200.pq,cudf,0.12536406517028809
477,rle_string_control_0.200.pq,pyarrow,0.4891648292541504
478,rle_string_control_0.200.orc,cudf,0.011619329452514648
479,rle_string_control_0.200.orc,pyarrow,0.31063342094421387
480,rle_string_control_0.300.pq,cudf,0.14018535614013672
481,rle_string_control_0.300.pq,pyarrow,0.6067140102386475
482,rle_string_control_0.300.orc,cudf,0.013398885726928711
483,rle_string_control_0.300.orc,pyarrow,0.3630340099334717
484,rle_string_control_0.400.pq,cudf,0.1285109519958496
485,rle_string_control_0.400.pq,pyarrow,0.7211663722991943
486,rle_string_control_0.400.orc,cudf,0.01516270637512207
487,rle_string_control_0.400.orc,pyarrow,0.49601173400878906
488,rle_string_control_0.500.pq,cudf,0.1335141658782959
489,rle_string_control_0.500.pq,pyarrow,0.8661472797393799
490,rle_string_control_0.500.orc,cudf,0.01873493194580078
491,rle_string_control_0.500.orc,pyarrow,0.5917410850524902
492,rle_string_control_0.600.pq,cudf,0.1257164478302002
493,rle_string_control_0.600.pq,pyarrow,0.9661526679992676
494,rle_string_control_0.600.orc,cudf,0.020742177963256836
495,rle_string_control_0.600.orc,pyarrow,0.6429142951965332
496,rle_string_control_0.700.pq,cudf,0.1378316879272461
497,rle_string_control_0.700.pq,pyarrow,0.99912428855896
498,rle_string_control_0.700.orc,cudf,0.022617101669311523
499,rle_string_control_0.700.orc,pyarrow,0.71225905418396
500,rle_string_control_0.800.pq,cudf,0.12671899795532227
501,rle_string_control_0.800.pq,pyarrow,1.2298791408538818
502,rle_string_control_0.800.orc,cudf,0.02463507652282715
503,rle_string_control_0.800.orc,pyarrow,0.8601255416870117
504,rle_string_control_0.900.pq,cudf,0.13796210289001465
505,rle_string_control_0.900.pq,pyarrow,1.332535982131958
506,rle_string_control_0.900.orc,cudf,0.026535749435424805
507,rle_string_control_0.900.orc,pyarrow,0.9587647914886475
508,rle_string_control_1.000.pq,cudf,0.1278247833251953
509,rle_string_control_1.000.pq,pyarrow,1.4781494140625
510,rle_string_control_1.000.orc,cudf,0.02863764762878418
511,rle_string_control_1.000.orc,pyarrow,0.9856302738189697
512,rle_string_0.000.pq,cudf,0.13796019554138184
513,rle_string_0.000.pq,pyarrow,0.22101879119873047
514,rle_string_0.000.orc,cudf,0.006665706634521484
515,rle_string_0.000.orc,pyarrow,0.13203763961791992
516,rle_string_0.002.pq,cudf,0.12509417533874512
517,rle_string_0.002.pq,pyarrow,0.2414870262145996
518,rle_string_0.002.orc,cudf,0.006700992584228516
519,rle_string_0.002.orc,pyarrow,0.12043213844299316
520,rle_string_0.010.pq,cudf,0.12506699562072754
521,rle_string_0.010.pq,pyarrow,0.24810504913330078
522,rle_string_0.010.orc,cudf,0.006935596466064453
523,rle_string_0.010.orc,pyarrow,0.15017199516296387
524,rle_string_0.020.pq,cudf,0.12510037422180176
525,rle_string_0.020.pq,pyarrow,0.26070332527160645
526,rle_string_0.020.orc,cudf,0.0072021484375
527,rle_string_0.020.orc,pyarrow,0.15938925743103027
528,rle_string_0.040.pq,cudf,0.1250617504119873
529,rle_string_0.040.pq,pyarrow,0.2723655700683594
530,rle_string_0.040.orc,cudf,0.0077135562896728516
531,rle_string_0.040.orc,pyarrow,0.1766505241394043
532,rle_string_0.080.pq,cudf,0.12520790100097656
533,rle_string_0.080.pq,pyarrow,0.3272981643676758
534,rle_string_0.080.orc,cudf,0.008790969848632812
535,rle_string_0.080.orc,pyarrow,0.2001051902770996
536,rle_string_0.100.pq,cudf,0.12519168853759766
537,rle_string_0.100.pq,pyarrow,0.34925341606140137
538,rle_string_0.100.orc,cudf,0.009441137313842773
539,rle_string_0.100.orc,pyarrow,0.21821165084838867
540,rle_string_0.200.pq,cudf,0.12538814544677734
541,rle_string_0.200.pq,pyarrow,0.48896145820617676
542,rle_string_0.200.orc,cudf,0.010108232498168945
543,rle_string_0.200.orc,pyarrow,0.31029295921325684
544,rle_string_0.300.pq,cudf,0.12562036514282227
545,rle_string_0.300.pq,pyarrow,0.6056797504425049
546,rle_string_0.300.orc,cudf,0.013425588607788086
547,rle_string_0.300.orc,pyarrow,0.39918088912963867
548,rle_string_0.400.pq,cudf,0.13573646545410156
549,rle_string_0.400.pq,pyarrow,0.6752073764801025
550,rle_string_0.400.orc,cudf,0.015381813049316406
551,rle_string_0.400.orc,pyarrow,0.4240283966064453
552,rle_string_0.500.pq,cudf,0.1414496898651123
553,rle_string_0.500.pq,pyarrow,0.880833625793457
554,rle_string_0.500.orc,cudf,0.017227888107299805
555,rle_string_0.500.orc,pyarrow,0.5946671962738037
556,rle_string_0.600.pq,cudf,0.13247442245483398
557,rle_string_0.600.pq,pyarrow,0.9542927742004395
558,rle_string_0.600.orc,cudf,0.020660400390625
559,rle_string_0.600.orc,pyarrow,0.6871936321258545
560,rle_string_0.700.pq,cudf,0.12572741508483887
561,rle_string_0.700.pq,pyarrow,1.1134188175201416
562,rle_string_0.700.orc,cudf,0.02263784408569336
563,rle_string_0.700.orc,pyarrow,0.757720947265625
564,rle_string_0.800.pq,cudf,0.1387791633605957
565,rle_string_0.800.pq,pyarrow,1.2336065769195557
566,rle_string_0.800.orc,cudf,0.024643659591674805
567,rle_string_0.800.orc,pyarrow,0.8749885559082031
568,rle_string_0.900.pq,cudf,0.14351940155029297
569,rle_string_0.900.pq,pyarrow,1.3543896675109863
570,rle_string_0.900.orc,cudf,0.02656102180480957
571,rle_string_0.900.orc,pyarrow,0.9639806747436523
572,rle_string_1.000.pq,cudf,0.13367533683776855
573,rle_string_1.000.pq,pyarrow,1.2407844066619873
574,rle_string_1.000.orc,cudf,0.02859807014465332
575,rle_string_1.000.orc,pyarrow,1.0116729736328125
576,rle_string_control_0.000.pq,cudf,0.12872314453125
577,rle_string_control_0.000.pq,pyarrow,0.2238631248474121
578,rle_string_control_0.000.orc,cudf,0.00664067268371582
579,rle_string_control_0.000.orc,pyarrow,0.13114166259765625
580,rle_string_control_0.002.pq,cudf,0.12505483627319336
581,rle_string_control_0.002.pq,pyarrow,0.2327711582183838
582,rle_string_control_0.002.orc,cudf,0.006791353225708008
583,rle_string_control_0.002.orc,pyarrow,0.12810659408569336
584,rle_string_control_0.010.pq,cudf,0.12513113021850586
585,rle_string_control_0.010.pq,pyarrow,0.2534511089324951
586,rle_string_control_0.010.orc,cudf,0.006888151168823242
587,rle_string_control_0.010.orc,pyarrow,0.15180540084838867
588,rle_string_control_0.020.pq,cudf,0.12506604194641113
589,rle_string_control_0.020.pq,pyarrow,0.26476049423217773
590,rle_string_control_0.020.orc,cudf,0.007199525833129883
591,rle_string_control_0.020.orc,pyarrow,0.15897178649902344
592,rle_string_control_0.040.pq,cudf,0.12516188621520996
593,rle_string_control_0.040.pq,pyarrow,0.2833089828491211
594,rle_string_control_0.040.orc,cudf,0.007699012756347656
595,rle_string_control_0.040.orc,pyarrow,0.148360013961792
596,rle_string_control_0.080.pq,cudf,0.12515807151794434
597,rle_string_control_0.080.pq,pyarrow,0.31699085235595703
598,rle_string_control_0.080.orc,cudf,0.008762359619140625
599,rle_string_control_0.080.orc,pyarrow,0.16612720489501953
600,rle_string_control_0.100.pq,cudf,0.1251540184020996
601,rle_string_control_0.100.pq,pyarrow,0.353198766708374
602,rle_string_control_0.100.orc,cudf,0.009333372116088867
603,rle_string_control_0.100.orc,pyarrow,0.2182331085205078
604,rle_string_control_0.200.pq,cudf,0.12537384033203125
605,rle_string_control_0.200.pq,pyarrow,0.4765629768371582
606,rle_string_control_0.200.orc,cudf,0.011499166488647461
607,rle_string_control_0.200.orc,pyarrow,0.3153834342956543
608,rle_string_control_0.300.pq,cudf,0.12561750411987305
609,rle_string_control_0.300.pq,pyarrow,0.6048636436462402
610,rle_string_control_0.300.orc,cudf,0.01340484619140625
611,rle_string_control_0.300.orc,pyarrow,0.3885011672973633
612,rle_string_control_0.400.pq,cudf,0.12561702728271484
613,rle_string_control_0.400.pq,pyarrow,0.6879761219024658
614,rle_string_control_0.400.orc,cudf,0.015515565872192383
615,rle_string_control_0.400.orc,pyarrow,0.43059539794921875
616,rle_string_control_0.500.pq,cudf,0.12563586235046387
617,rle_string_control_0.500.pq,pyarrow,0.887127161026001
618,rle_string_control_0.500.orc,cudf,0.017011642456054688
619,rle_string_control_0.500.orc,pyarrow,0.5103325843811035
620,rle_string_control_0.600.pq,cudf,0.13070154190063477
621,rle_string_control_0.600.pq,pyarrow,0.9978737831115723
622,rle_string_control_0.600.orc,cudf,0.020739078521728516
623,rle_string_control_0.600.orc,pyarrow,0.5953099727630615
624,rle_string_control_0.700.pq,cudf,0.13680601119995117
625,rle_string_control_0.700.pq,pyarrow,1.1119704246520996
626,rle_string_control_0.700.orc,cudf,0.022949695587158203
627,rle_string_control_0.700.orc,pyarrow,0.7758119106292725
628,rle_string_control_0.800.pq,cudf,0.1257765293121338
629,rle_string_control_0.800.pq,pyarrow,1.2265374660491943
630,rle_string_control_0.800.orc,cudf,0.023129701614379883
631,rle_string_control_0.800.orc,pyarrow,0.8616487979888916
632,rle_string_control_0.900.pq,cudf,0.13518881797790527
633,rle_string_control_0.900.pq,pyarrow,1.344207763671875
634,rle_string_control_0.900.orc,cudf,0.026714324951171875
635,rle_string_control_0.900.orc,pyarrow,0.9003384113311768
636,rle_string_control_1.000.pq,cudf,0.1258554458618164
637,rle_string_control_1.000.pq,pyarrow,1.3273351192474365
638,rle_string_control_1.000.orc,cudf,0.02853989601135254
639,rle_string_control_1.000.orc,pyarrow,1.047307014465332
640,rle_string_0.000.pq,cudf,0.1413285732269287
641,rle_string_0.000.pq,pyarrow,0.22375869750976562
642,rle_string_0.000.orc,cudf,0.006670951843261719
643,rle_string_0.000.orc,pyarrow,0.11635851860046387
644,rle_string_0.002.pq,cudf,0.12508034706115723
645,rle_string_0.002.pq,pyarrow,0.2371048927307129
646,rle_string_0.002.orc,cudf,0.0066907405853271484
647,rle_string_0.002.orc,pyarrow,0.1290891170501709
648,rle_string_0.010.pq,cudf,0.12517833709716797
649,rle_string_0.010.pq,pyarrow,0.25148630142211914
650,rle_string_0.010.orc,cudf,0.0069942474365234375
651,rle_string_0.010.orc,pyarrow,0.15061044692993164
652,rle_string_0.020.pq,cudf,0.12509632110595703
653,rle_string_0.020.pq,pyarrow,0.2594318389892578
654,rle_string_0.020.orc,cudf,0.007146120071411133
655,rle_string_0.020.orc,pyarrow,0.1590726375579834
656,rle_string_0.040.pq,cudf,0.12506914138793945
657,rle_string_0.040.pq,pyarrow,0.2772812843322754
658,rle_string_0.040.orc,cudf,0.006331205368041992
659,rle_string_0.040.orc,pyarrow,0.17592263221740723
660,rle_string_0.080.pq,cudf,0.1251077651977539
661,rle_string_0.080.pq,pyarrow,0.31310105323791504
662,rle_string_0.080.orc,cudf,0.008922338485717773
663,rle_string_0.080.orc,pyarrow,0.20079493522644043
664,rle_string_0.100.pq,cudf,0.125199556350708
665,rle_string_0.100.pq,pyarrow,0.352292537689209
666,rle_string_0.100.orc,cudf,0.009363174438476562
667,rle_string_0.100.orc,pyarrow,0.1806015968322754
668,rle_string_0.200.pq,cudf,0.12533211708068848
669,rle_string_0.200.pq,pyarrow,0.4852123260498047
670,rle_string_0.200.orc,cudf,0.011690855026245117
671,rle_string_0.200.orc,pyarrow,0.31134653091430664
672,rle_string_0.300.pq,cudf,0.12567687034606934
673,rle_string_0.300.pq,pyarrow,0.6059813499450684
674,rle_string_0.300.orc,cudf,0.01336669921875
675,rle_string_0.300.orc,pyarrow,0.40018677711486816
676,rle_string_0.400.pq,cudf,0.13675832748413086
677,rle_string_0.400.pq,pyarrow,0.7133049964904785
678,rle_string_0.400.orc,cudf,0.015132665634155273
679,rle_string_0.400.orc,pyarrow,0.462491512298584
680,rle_string_0.500.pq,cudf,0.12569618225097656
681,rle_string_0.500.pq,pyarrow,0.8401134014129639
682,rle_string_0.500.orc,cudf,0.01695871353149414
683,rle_string_0.500.orc,pyarrow,0.5091638565063477
684,rle_string_0.600.pq,cudf,0.12571930885314941
685,rle_string_0.600.pq,pyarrow,1.0024707317352295
686,rle_string_0.600.orc,cudf,0.02064657211303711
687,rle_string_0.600.orc,pyarrow,0.684856653213501
688,rle_string_0.700.pq,cudf,0.1332850456237793
689,rle_string_0.700.pq,pyarrow,0.928790807723999
690,rle_string_0.700.orc,cudf,0.02113795280456543
691,rle_string_0.700.orc,pyarrow,0.7689228057861328
692,rle_string_0.800.pq,cudf,0.14358806610107422
693,rle_string_0.800.pq,pyarrow,1.2259602546691895
694,rle_string_0.800.orc,cudf,0.02470111846923828
695,rle_string_0.800.orc,pyarrow,0.8693742752075195
696,rle_string_0.900.pq,cudf,0.12578845024108887
697,rle_string_0.900.pq,pyarrow,1.3468806743621826
698,rle_string_0.900.orc,cudf,0.026537656784057617
699,rle_string_0.900.orc,pyarrow,0.967261552810669
700,rle_string_1.000.pq,cudf,0.13425302505493164
701,rle_string_1.000.pq,pyarrow,1.4350619316101074
702,rle_string_1.000.orc,cudf,0.02861332893371582
703,rle_string_1.000.orc,pyarrow,1.0549659729003906
704,rle_string_control_0.000.pq,cudf,0.1396632194519043
705,rle_string_control_0.000.pq,pyarrow,0.22111248970031738
706,rle_string_control_0.000.orc,cudf,0.0067141056060791016
707,rle_string_control_0.000.orc,pyarrow,0.10907483100891113
708,rle_string_control_0.002.pq,cudf,0.1250603199005127
709,rle_string_control_0.002.pq,pyarrow,0.2375955581665039
710,rle_string_control_0.002.orc,cudf,0.006705045700073242
711,rle_string_control_0.002.orc,pyarrow,0.11903572082519531
712,rle_string_control_0.010.pq,cudf,0.1251053810119629
713,rle_string_control_0.010.pq,pyarrow,0.265667200088501
714,rle_string_control_0.010.orc,cudf,0.005494356155395508
715,rle_string_control_0.010.orc,pyarrow,0.15122413635253906
716,rle_string_control_0.020.pq,cudf,0.12505745887756348
717,rle_string_control_0.020.pq,pyarrow,0.21754121780395508
718,rle_string_control_0.020.orc,cudf,0.006506681442260742
719,rle_string_control_0.020.orc,pyarrow,0.14229416847229004
720,rle_string_control_0.040.pq,cudf,0.12507104873657227
721,rle_string_control_0.040.pq,pyarrow,0.28661441802978516
722,rle_string_control_0.040.orc,cudf,0.007843017578125
723,rle_string_control_0.040.orc,pyarrow,0.1757667064666748
724,rle_string_control_0.080.pq,cudf,0.1251826286315918
725,rle_string_control_0.080.pq,pyarrow,0.32994604110717773
726,rle_string_control_0.080.orc,cudf,0.009046316146850586
727,rle_string_control_0.080.orc,pyarrow,0.20277929306030273
728,rle_string_control_0.100.pq,cudf,0.12528634071350098
729,rle_string_control_0.100.pq,pyarrow,0.3579227924346924
730,rle_string_control_0.100.orc,cudf,0.009407758712768555
731,rle_string_control_0.100.orc,pyarrow,0.2175447940826416
732,rle_string_control_0.200.pq,cudf,0.12536907196044922
733,rle_string_control_0.200.pq,pyarrow,0.49379682540893555
734,rle_string_control_0.200.orc,cudf,0.011648416519165039
735,rle_string_control_0.200.orc,pyarrow,0.3017446994781494
736,rle_string_control_0.300.pq,cudf,0.12581801414489746
737,rle_string_control_0.300.pq,pyarrow,0.646284818649292
738,rle_string_control_0.300.orc,cudf,0.013377666473388672
739,rle_string_control_0.300.orc,pyarrow,0.40023279190063477
740,rle_string_control_0.400.pq,cudf,0.13400983810424805
741,rle_string_control_0.400.pq,pyarrow,0.663346529006958
742,rle_string_control_0.400.orc,cudf,0.015264511108398438
743,rle_string_control_0.400.orc,pyarrow,0.45270466804504395
744,rle_string_control_0.500.pq,cudf,0.13143301010131836
745,rle_string_control_0.500.pq,pyarrow,0.9040143489837646
746,rle_string_control_0.500.orc,cudf,0.016906023025512695
747,rle_string_control_0.500.orc,pyarrow,0.5842220783233643
748,rle_string_control_0.600.pq,cudf,0.12568354606628418
749,rle_string_control_0.600.pq,pyarrow,0.9746115207672119
750,rle_string_control_0.600.orc,cudf,0.020647525787353516
751,rle_string_control_0.600.orc,pyarrow,0.6894640922546387
752,rle_string_control_0.700.pq,cudf,0.13630080223083496
753,rle_string_control_0.700.pq,pyarrow,1.120182991027832
754,rle_string_control_0.700.orc,cudf,0.022704124450683594
755,rle_string_control_0.700.orc,pyarrow,0.730832576751709
756,rle_string_control_0.800.pq,cudf,0.1258251667022705
757,rle_string_control_0.800.pq,pyarrow,1.2343823909759521
758,rle_string_control_0.800.orc,cudf,0.024688720703125
759,rle_string_control_0.800.orc,pyarrow,0.8686566352844238
760,rle_string_control_0.900.pq,cudf,0.13413310050964355
761,rle_string_control_0.900.pq,pyarrow,1.3492209911346436
762,rle_string_control_0.900.orc,cudf,0.02652883529663086
763,rle_string_control_0.900.orc,pyarrow,0.9630236625671387
764,rle_string_control_1.000.pq,cudf,0.13921689987182617
765,rle_string_control_1.000.pq,pyarrow,1.4463965892791748
766,rle_string_control_1.000.orc,cudf,0.028557300567626953
767,rle_string_control_1.000.orc,pyarrow,1.0462663173675537
768,rle_string_0.000.pq,cudf,0.14248228073120117
769,rle_string_0.000.pq,pyarrow,0.22553253173828125
770,rle_string_0.000.orc,cudf,0.006712913513183594
771,rle_string_0.000.orc,pyarrow,0.12799477577209473
772,rle_string_0.002.pq,cudf,0.12505030632019043
773,rle_string_0.002.pq,pyarrow,0.24023890495300293
774,rle_string_0.002.orc,cudf,0.006070852279663086
775,rle_string_0.002.orc,pyarrow,0.12604689598083496
776,rle_string_0.010.pq,cudf,0.12517714500427246
777,rle_string_0.010.pq,pyarrow,0.2565310001373291
778,rle_string_0.010.orc,cudf,0.006962776184082031
779,rle_string_0.010.orc,pyarrow,0.1494286060333252
780,rle_string_0.020.pq,cudf,0.12514400482177734
781,rle_string_0.020.pq,pyarrow,0.25980663299560547
782,rle_string_0.020.orc,cudf,0.006631135940551758
783,rle_string_0.020.orc,pyarrow,0.1595923900604248
784,rle_string_0.040.pq,cudf,0.12530779838562012
785,rle_string_0.040.pq,pyarrow,0.23836374282836914
786,rle_string_0.040.orc,cudf,0.0077972412109375
787,rle_string_0.040.orc,pyarrow,0.17700409889221191
788,rle_string_0.080.pq,cudf,0.12512850761413574
789,rle_string_0.080.pq,pyarrow,0.3280045986175537
790,rle_string_0.080.orc,cudf,0.008258819580078125
791,rle_string_0.080.orc,pyarrow,0.16673827171325684
792,rle_string_0.100.pq,cudf,0.12515687942504883
793,rle_string_0.100.pq,pyarrow,0.3535492420196533
794,rle_string_0.100.orc,cudf,0.009430170059204102
795,rle_string_0.100.orc,pyarrow,0.2178046703338623
796,rle_string_0.200.pq,cudf,0.1254422664642334
797,rle_string_0.200.pq,pyarrow,0.4916090965270996
798,rle_string_0.200.orc,cudf,0.011774301528930664
799,rle_string_0.200.orc,pyarrow,0.265636682510376
800,rle_string_0.300.pq,cudf,0.1256093978881836
801,rle_string_0.300.pq,pyarrow,0.6188762187957764
802,rle_string_0.300.orc,cudf,0.013351917266845703
803,rle_string_0.300.orc,pyarrow,0.40082836151123047
804,rle_string_0.400.pq,cudf,0.13623309135437012
805,rle_string_0.400.pq,pyarrow,0.728499174118042
806,rle_string_0.400.orc,cudf,0.014587163925170898
807,rle_string_0.400.orc,pyarrow,0.4738767147064209
808,rle_string_0.500.pq,cudf,0.14203214645385742
809,rle_string_0.500.pq,pyarrow,0.8943946361541748
810,rle_string_0.500.orc,cudf,0.01871037483215332
811,rle_string_0.500.orc,pyarrow,0.5944311618804932
812,rle_string_0.600.pq,cudf,0.13059735298156738
813,rle_string_0.600.pq,pyarrow,1.0111656188964844
814,rle_string_0.600.orc,cudf,0.020082950592041016
815,rle_string_0.600.orc,pyarrow,0.68886399269104
816,rle_string_0.700.pq,cudf,0.14302515983581543
817,rle_string_0.700.pq,pyarrow,0.9672253131866455
818,rle_string_0.700.orc,cudf,0.022626161575317383
819,rle_string_0.700.orc,pyarrow,0.7720668315887451
820,rle_string_0.800.pq,cudf,0.12778615951538086
821,rle_string_0.800.pq,pyarrow,1.219391107559204
822,rle_string_0.800.orc,cudf,0.024678945541381836
823,rle_string_0.800.orc,pyarrow,0.8668961524963379
824,rle_string_0.900.pq,cudf,0.13503479957580566
825,rle_string_0.900.pq,pyarrow,1.3491508960723877
826,rle_string_0.900.orc,cudf,0.025056838989257812
827,rle_string_0.900.orc,pyarrow,0.9657332897186279
828,rle_string_1.000.pq,cudf,0.14302945137023926
829,rle_string_1.000.pq,pyarrow,1.4475023746490479
830,rle_string_1.000.orc,cudf,0.02864670753479004
831,rle_string_1.000.orc,pyarrow,1.0497608184814453
832,rle_string_control_0.000.pq,cudf,0.12593436241149902
833,rle_string_control_0.000.pq,pyarrow,0.22496485710144043
834,rle_string_control_0.000.orc,cudf,0.006760358810424805
835,rle_string_control_0.000.orc,pyarrow,0.13103175163269043
836,rle_string_control_0.002.pq,cudf,0.12505745887756348
837,rle_string_control_0.002.pq,pyarrow,0.19612455368041992
838,rle_string_control_0.002.orc,cudf,0.005291938781738281
839,rle_string_control_0.002.orc,pyarrow,0.14327216148376465
840,rle_string_control_0.010.pq,cudf,0.12526965141296387
841,rle_string_control_0.010.pq,pyarrow,0.25157904624938965
842,rle_string_control_0.010.orc,cudf,0.006911516189575195
843,rle_string_control_0.010.orc,pyarrow,0.12604045867919922
844,rle_string_control_0.020.pq,cudf,0.1251215934753418
845,rle_string_control_0.020.pq,pyarrow,0.2629673480987549
846,rle_string_control_0.020.orc,cudf,0.007178306579589844
847,rle_string_control_0.020.orc,pyarrow,0.159653902053833
848,rle_string_control_0.040.pq,cudf,0.12506890296936035
849,rle_string_control_0.040.pq,pyarrow,0.2846646308898926
850,rle_string_control_0.040.orc,cudf,0.007761478424072266
851,rle_string_control_0.040.orc,pyarrow,0.17551684379577637
852,rle_string_control_0.080.pq,cudf,0.1251986026763916
853,rle_string_control_0.080.pq,pyarrow,0.32564806938171387
854,rle_string_control_0.080.orc,cudf,0.0087890625
855,rle_string_control_0.080.orc,pyarrow,0.18983054161071777
856,rle_string_control_0.100.pq,cudf,0.12520766258239746
857,rle_string_control_0.100.pq,pyarrow,0.3538503646850586
858,rle_string_control_0.100.orc,cudf,0.009397506713867188
859,rle_string_control_0.100.orc,pyarrow,0.19698333740234375
860,rle_string_control_0.200.pq,cudf,0.125352144241333
861,rle_string_control_0.200.pq,pyarrow,0.4797499179840088
862,rle_string_control_0.200.orc,cudf,0.011684179306030273
863,rle_string_control_0.200.orc,pyarrow,0.311798095703125
864,rle_string_control_0.300.pq,cudf,0.12569403648376465
865,rle_string_control_0.300.pq,pyarrow,0.6067023277282715
866,rle_string_control_0.300.orc,cudf,0.013526678085327148
867,rle_string_control_0.300.orc,pyarrow,0.38942551612854004
868,rle_string_control_0.400.pq,cudf,0.13977956771850586
869,rle_string_control_0.400.pq,pyarrow,0.6755716800689697
870,rle_string_control_0.400.orc,cudf,0.014803409576416016
871,rle_string_control_0.400.orc,pyarrow,0.5056097507476807
872,rle_string_control_0.500.pq,cudf,0.12562894821166992
873,rle_string_control_0.500.pq,pyarrow,0.8894295692443848
874,rle_string_control_0.500.orc,cudf,0.01695108413696289
875,rle_string_control_0.500.orc,pyarrow,0.5815136432647705
876,rle_string_control_0.600.pq,cudf,0.1377871036529541
877,rle_string_control_0.600.pq,pyarrow,0.9827361106872559
878,rle_string_control_0.600.orc,cudf,0.020619869232177734
879,rle_string_control_0.600.orc,pyarrow,0.6869895458221436
880,rle_string_control_0.700.pq,cudf,0.12572479248046875
881,rle_string_control_0.700.pq,pyarrow,1.101445198059082
882,rle_string_control_0.700.orc,cudf,0.02264094352722168
883,rle_string_control_0.700.orc,pyarrow,0.7714581489562988
884,rle_string_control_0.800.pq,cudf,0.13016748428344727
885,rle_string_control_0.800.pq,pyarrow,1.2563228607177734
886,rle_string_control_0.800.orc,cudf,0.02469801902770996
887,rle_string_control_0.800.orc,pyarrow,0.7947061061859131
888,rle_string_control_0.900.pq,cudf,0.13071131706237793
889,rle_string_control_0.900.pq,pyarrow,1.3461754322052002
890,rle_string_control_0.900.orc,cudf,0.026899099349975586
891,rle_string_control_0.900.orc,pyarrow,0.8327643871307373
892,rle_string_control_1.000.pq,cudf,0.14323735237121582
893,rle_string_control_1.000.pq,pyarrow,1.485182285308838
894,rle_string_control_1.000.orc,cudf,0.027047395706176758
895,rle_string_control_1.000.orc,pyarrow,1.0511131286621094
896,rle_string_0.000.pq,cudf,0.12497425079345703
897,rle_string_0.000.pq,pyarrow,0.22529244422912598
898,rle_string_0.000.orc,cudf,0.006762027740478516
899,rle_string_0.000.orc,pyarrow,0.13080549240112305
900,rle_string_0.002.pq,cudf,0.12504005432128906
901,rle_string_0.002.pq,pyarrow,0.23651599884033203
902,rle_string_0.002.orc,cudf,0.006813526153564453
903,rle_string_0.002.orc,pyarrow,0.14203405380249023
904,rle_string_0.010.pq,cudf,0.12515640258789062
905,rle_string_0.010.pq,pyarrow,0.24619603157043457
906,rle_string_0.010.orc,cudf,0.006892681121826172
907,rle_string_0.010.orc,pyarrow,0.12620019912719727
908,rle_string_0.020.pq,cudf,0.12506461143493652
909,rle_string_0.020.pq,pyarrow,0.26204729080200195
910,rle_string_0.020.orc,cudf,0.0070879459381103516
911,rle_string_0.020.orc,pyarrow,0.15874147415161133
912,rle_string_0.040.pq,cudf,0.1250593662261963
913,rle_string_0.040.pq,pyarrow,0.28351449966430664
914,rle_string_0.040.orc,cudf,0.007704496383666992
915,rle_string_0.040.orc,pyarrow,0.1482536792755127
916,rle_string_0.080.pq,cudf,0.1252727508544922
917,rle_string_0.080.pq,pyarrow,0.31738758087158203
918,rle_string_0.080.orc,cudf,0.008786439895629883
919,rle_string_0.080.orc,pyarrow,0.1663806438446045
920,rle_string_0.100.pq,cudf,0.12518596649169922
921,rle_string_0.100.pq,pyarrow,0.3480236530303955
922,rle_string_0.100.orc,cudf,0.009344100952148438
923,rle_string_0.100.orc,pyarrow,0.1802530288696289
924,rle_string_0.200.pq,cudf,0.12557482719421387
925,rle_string_0.200.pq,pyarrow,0.49929380416870117
926,rle_string_0.200.orc,cudf,0.011709451675415039
927,rle_string_0.200.orc,pyarrow,0.30918192863464355
928,rle_string_0.300.pq,cudf,0.1421205997467041
929,rle_string_0.300.pq,pyarrow,0.6106348037719727
930,rle_string_0.300.orc,cudf,0.013381004333496094
931,rle_string_0.300.orc,pyarrow,0.3558375835418701
932,rle_string_0.400.pq,cudf,0.1323091983795166
933,rle_string_0.400.pq,pyarrow,0.7243626117706299
934,rle_string_0.400.orc,cudf,0.015176773071289062
935,rle_string_0.400.orc,pyarrow,0.46370601654052734
936,rle_string_0.500.pq,cudf,0.13940787315368652
937,rle_string_0.500.pq,pyarrow,0.8768949508666992
938,rle_string_0.500.orc,cudf,0.019117116928100586
939,rle_string_0.500.orc,pyarrow,0.5943989753723145
940,rle_string_0.600.pq,cudf,0.12640714645385742
941,rle_string_0.600.pq,pyarrow,1.0135834217071533
942,rle_string_0.600.orc,cudf,0.02059197425842285
943,rle_string_0.600.orc,pyarrow,0.6606478691101074
944,rle_string_0.700.pq,cudf,0.1382153034210205
945,rle_string_0.700.pq,pyarrow,1.1147630214691162
946,rle_string_0.700.orc,cudf,0.022655963897705078
947,rle_string_0.700.orc,pyarrow,0.7763149738311768
948,rle_string_0.800.pq,cudf,0.13900160789489746
949,rle_string_0.800.pq,pyarrow,1.2426629066467285
950,rle_string_0.800.orc,cudf,0.02463841438293457
951,rle_string_0.800.orc,pyarrow,0.8709747791290283
952,rle_string_0.900.pq,cudf,0.1258692741394043
953,rle_string_0.900.pq,pyarrow,1.3599166870117188
954,rle_string_0.900.orc,cudf,0.026458024978637695
955,rle_string_0.900.orc,pyarrow,0.9649207592010498
956,rle_string_1.000.pq,cudf,0.1403665542602539
957,rle_string_1.000.pq,pyarrow,1.4707188606262207
958,rle_string_1.000.orc,cudf,0.028647899627685547
959,rle_string_1.000.orc,pyarrow,1.0551254749298096
960,rle_string_control_0.000.pq,cudf,0.13597607612609863
961,rle_string_control_0.000.pq,pyarrow,0.2148118019104004
962,rle_string_control_0.000.orc,cudf,0.006668806076049805
963,rle_string_control_0.000.orc,pyarrow,0.1314830780029297
964,rle_string_control_0.002.pq,cudf,0.12503337860107422
965,rle_string_control_0.002.pq,pyarrow,0.24187350273132324
966,rle_string_control_0.002.orc,cudf,0.0067522525787353516
967,rle_string_control_0.002.orc,pyarrow,0.1416175365447998
968,rle_string_control_0.010.pq,cudf,0.1250753402709961
969,rle_string_control_0.010.pq,pyarrow,0.24176526069641113
970,rle_string_control_0.010.orc,cudf,0.006985664367675781
971,rle_string_control_0.010.orc,pyarrow,0.15046381950378418
972,rle_string_control_0.020.pq,cudf,0.12511825561523438
973,rle_string_control_0.020.pq,pyarrow,0.2628624439239502
974,rle_string_control_0.020.orc,cudf,0.007272958755493164
975,rle_string_control_0.020.orc,pyarrow,0.1592087745666504
976,rle_string_control_0.040.pq,cudf,0.12509965896606445
977,rle_string_control_0.040.pq,pyarrow,0.2801957130432129
978,rle_string_control_0.040.orc,cudf,0.0077245235443115234
979,rle_string_control_0.040.orc,pyarrow,0.1762545108795166
980,rle_string_control_0.080.pq,cudf,0.12514305114746094
981,rle_string_control_0.080.pq,pyarrow,0.32100844383239746
982,rle_string_control_0.080.orc,cudf,0.008816957473754883
983,rle_string_control_0.080.orc,pyarrow,0.20021390914916992
984,rle_string_control_0.100.pq,cudf,0.12519407272338867
985,rle_string_control_0.100.pq,pyarrow,0.34731149673461914
986,rle_string_control_0.100.orc,cudf,0.009369611740112305
987,rle_string_control_0.100.orc,pyarrow,0.21840858459472656
988,rle_string_control_0.200.pq,cudf,0.12534046173095703
989,rle_string_control_0.200.pq,pyarrow,0.490405797958374
990,rle_string_control_0.200.orc,cudf,0.011577129364013672
991,rle_string_control_0.200.orc,pyarrow,0.30496883392333984
992,rle_string_control_0.300.pq,cudf,0.1255953311920166
993,rle_string_control_0.300.pq,pyarrow,0.6055958271026611
994,rle_string_control_0.300.orc,cudf,0.013390302658081055
995,rle_string_control_0.300.orc,pyarrow,0.3998556137084961
996,rle_string_control_0.400.pq,cudf,0.12885189056396484
997,rle_string_control_0.400.pq,pyarrow,0.7185068130493164
998,rle_string_control_0.400.orc,cudf,0.015256881713867188
999,rle_string_control_0.400.orc,pyarrow,0.4816410541534424
1000,rle_string_control_0.500.pq,cudf,0.137709379196167
1001,rle_string_control_0.500.pq,pyarrow,0.8944227695465088
1002,rle_string_control_0.500.orc,cudf,0.017786026000976562
1003,rle_string_control_0.500.orc,pyarrow,0.5998103618621826
1004,rle_string_control_0.600.pq,cudf,0.12566757202148438
1005,rle_string_control_0.600.pq,pyarrow,0.9773218631744385
1006,rle_string_control_0.600.orc,cudf,0.019176959991455078
1007,rle_string_control_0.600.orc,pyarrow,0.6780364513397217
1008,rle_string_control_0.700.pq,cudf,0.12576866149902344
1009,rle_string_control_0.700.pq,pyarrow,1.0895280838012695
1010,rle_string_control_0.700.orc,cudf,0.022661447525024414
1011,rle_string_control_0.700.orc,pyarrow,0.7754397392272949
1012,rle_string_control_0.800.pq,cudf,0.13943243026733398
1013,rle_string_control_0.800.pq,pyarrow,1.2196595668792725
1014,rle_string_control_0.800.orc,cudf,0.024692773818969727
1015,rle_string_control_0.800.orc,pyarrow,0.824573278427124
1016,rle_string_control_0.900.pq,cudf,0.1271204948425293
1017,rle_string_control_0.900.pq,pyarrow,1.3485405445098877
1018,rle_string_control_0.900.orc,cudf,0.026932954788208008
1019,rle_string_control_0.900.orc,pyarrow,0.8720448017120361
1020,rle_string_control_1.000.pq,cudf,0.14284062385559082
1021,rle_string_control_1.000.pq,pyarrow,1.4399025440216064
1022,rle_string_control_1.000.orc,cudf,0.029050827026367188
1023,rle_string_control_1.000.orc,pyarrow,1.0405995845794678
